{
    "$schema": "https://schema.management.azure.com/schemas/2015-01-01/deploymentParameters.json#",
    "contentVersion": "1.0.0.0",
    "parameters": {
        "location": {
            "value": "westeurope"
        },
        "cloudGuardVersion": {
            "value": "R81 - Bring Your Own License"
        },
        "adminPassword": {
            "value": null
        },
        "authenticationType": {
            "value": "password"
        },
        "vmName": {
            "value": "checkpoint"
        },
        "vmSize": {
            "value": "Standard_D3_v2"
        },
        "sicKey": {
            "value": null
        },
        "virtualNetworkName": {
            "value": "CheckpointVNet"
        },
        "virtualNetworkAddressPrefix": {
            "value": "10.20.0.0/16"
        },
        "Subnet1Name": {
            "value": "Frontend"
        },
        "Subnet1Prefix": {
            "value": "10.20.0.0/24"
        },
        "Subnet1StartAddress": {
            "value": "10.20.0.4"
        },
        "Subnet2Name": {
            "value": "Backend"
        },
        "Subnet2Prefix": {
            "value": "10.20.1.0/24"
        },
        "Subnet2StartAddress": {
            "value": "10.20.1.4"
        },
        "vnetNewOrExisting": {
            "value": "new"
        },
        "virtualNetworkExistingRGName": {
            "value": "RG_Sofia.Valles"
        },
        "installationType": {
            "value": "gateway"
        },
        "bootstrapScript": {
            "value": ""
        },
        "allowDownloadFromUploadToCheckPoint": {
            "value": "true"
        },
        "additionalDiskSizeGB": {
            "value": 0
        },
        "diskType": {
            "value": "Standard_LRS"
        },
        "sourceImageVhdUri": {
            "value": "noCustomUri"
        },
        "customMetrics": {
            "value": "yes"
        }
    }
}